{
   "benchmarks": [
      {
         "avg_latency(ms)": 0.65517485781,
         "avg_respons_time(ms)": 0.6551739999999999,
         "file_name": "(2)wasmless100000",
         "requests/sec(throughput)": 1375.9225687941812
      },
      {
         "avg_latency(ms)": 0.5740030578499999,
         "avg_respons_time(ms)": 0.5740029999999999,
         "file_name": "(1)wasmless100000",
         "requests/sec(throughput)": 1556.6180282036266
      },
      {
         "avg_latency(ms)": 0.64171196557,
         "avg_respons_time(ms)": 0.6417109999999999,
         "file_name": "(3)wasmless100000",
         "requests/sec(throughput)": 1402.9022816790882
      }
   ],
   "final_Avg.": [
      {
         "latency(ms)": 0.6236299604099999,
         "requests/sec(throughput)": 1445.147626225632,
         "respons_time(ms)": 0.6236293333333333
      }
   ]
}